Weights,90,108,126,0
Water Aerobics,120,144,168,1
Hatha Yoga,120,144,168,
Calisthenics,135,162,189,
Aerobics,165,198,231,1
Stair Step Machine,180,216,252,1
Step Aerobics,210,252,294,1
Bicycling,210,252,294,1
Rowing,210,252,294,1
Circuit Training,240,240,240,1
Elliptical Trainer,270,324,378,1
Ski Machine,285,342,399,1
Bowling,90,108,108,0
Slow dancing,90,108,125,1
Frisbee,85,105,125,1
Volleyball,90,108,126,2
Golf (w/cart),105,126,147,0
Golf (w/clubs),165,198,231,0
Gymnastics,120,144,168,1
Horseback Riding,57,70,84,0
Tai Chi,120,144,168,2
Walking,107,133,159,1
Badminton,114,141,168,1
Kayaking,150,180,210,1
Skateboarding,150,180,210,1
Softball,141,180,210,1
Whitewater,150,180,210,1
Fast dancing,165,198,231,1
Hiking,170,216,252,1
Skiing,180,216,252,1
Swimming,180,216,252,1
Jog,180,216,252,
Wrestling,180,216,252,2
Basketball,240,288,336,2
Basketball (w/wheelchair),195,234,273,2
Ice Skating,210,252,294,1
Racquetball,210,252,293,1
Rollerblading,311,386,461,1
Scuba diving,210,252,294,1
Sledding,199,247,294,1
Soccer,210,252,294,2
Tennis,210,252,294,2
Football,240,288,336,2
Hockey,240,288,336,2
Rock Climbing,227,282,336,2
Snow shoeing,240,288,336,1
Boxing,270,324,378,2
Martial arts,300,360,420,2
Cross-country running,255,316,377,1
Rope jumping,226,281,335,1
Water polo,300,360,420,2
Lawn raking,120,144,168,3
Gardening,135,162,189,3
Lawn mowing,135,162,189,3
Snow blower,135,162,189,3
Wood stacking,142,176,210,3
Wood splitting,180,216,252,3
Snow shoveling,180,216,252,3
